Question_ID,question,answer
Q1,What is the main attraction in Agra?,"The main attraction in Agra is the iconic Taj Mahal, a UNESCO World Heritage Site and one of the Seven Wonders of the World."
Q2,When is the best time to visit Agra?,"The best time to visit Agra is during the winter months, from October to March, when the weather is pleasant and suitable for sightseeing."
Q3,How can I reach Agra?,"Agra is well-connected by air, road, and rail. The nearest airport is Agra Airport (AGR), and there are regular trains and buses from major cities in India."
Q4,"Apart from the Taj Mahal, what are other attractions in Agra?","In addition to the Taj Mahal, Agra has other notable attractions like Agra Fort, Fatehpur Sikri, Itmad-ud-Daula's Tomb, and Mehtab Bagh."
Q5,What is the best time to visit the Taj Mahal?,"The best time to visit the Taj Mahal is early in the morning during sunrise or in the late afternoon during sunset to witness the monument bathed in soft, golden light."
Q6,Are there any specific rules or dress codes for visiting the Taj Mahal?,"Yes, visitors to the Taj Mahal are required to adhere to a dress code. Modest clothing is recommended, and certain items like tripods are not allowed inside the monument."
Q7,What are some recommended places to eat in Agra?,"Agra offers a variety of dining options. Some recommended places to eat include Peshawri, Joney's Place, and Dasaprakash."
Q8,Is Agra safe for tourists?,"Agra is generally safe for tourists, but it's advisable to take standard precautions. Avoid poorly lit areas at night, be cautious with belongings, and use authorized transportation services."
Q9,How much time should I plan for a visit to Agra?,"Agra can be explored in 2-3 days, allowing you to visit the major attractions like the Taj Mahal, Agra Fort, and Fatehpur Sikri at a comfortable pace."
Q10,Are there any cultural events or festivals in Agra that I should be aware of?,"Agra hosts various cultural events, and festivals throughout the year. The Taj Mahotsav, held in February, is a cultural extravaganza showcasing India's rich heritage."
Q11,Can you recommend some hotels in Agra?,"Certainly! Agra offers a range of accommodation options. Some notable hotels include The Oberoi Amarvilas, Tajview - IHCL SeleQtions, and Radisson Blu Agra Taj East Gate."
Q12,How can I book a hotel in Agra?,"You can book hotels in Agra through various online platforms like Booking.com, Agoda, or directly on the hotel's official website. It's advisable to book in advance, especially during peak tourist seasons."
Q13,What are the transportation options within Agra?,"Agra has a well-developed transportation system. You can use auto-rickshaws, cycle-rickshaws, and taxis for local travel. Additionally, many hotels offer transportation services, and there are app-based cab services like Uber and Ola available."
Q14,How can I travel from Agra to other cities in India?,Agra is well-connected by train and road to major cities. There are also domestic flights from Agra Airport to some destinations. You can book train tickets through IRCTC and use long-distance buses or private cabs for road travel.
Q15,Is it easy to find transportation from the hotel to tourist attractions?,"Yes, most hotels in Agra offer transportation services for sightseeing. Additionally, auto-rickshaws, taxis, and cycle-rickshaws are readily available for short-distance travel within the city."
